{
  "request": [{
    "transactionName": "Thread_group1",
    "rampUp": {
      "totalVU": 30,
      "initaldelay" :0,
      "rampupvu": 30,
      "rampduration": 1,
      "holdrampup": 1,
      "duration": 1
    },
    "api": [
      {
        "name": "Api",
        "method": "GET",
        "url": "http://wallet-payment-service-dev.walmart.com/wallet-service/services/bill-payment/biller/categories",
        "headers": {
          "content-type": "application/json"
        }
      },
      {
        "name": "Api",
        "method": "GET",
        "url": "http://wallet-payment-service-dev.walmart.com/wallet-service/services/bill-payment/biller/popular",
        "headers": {
          "content-type": "application/json"
        }
      }
    ]
  }
  ]
}